start station id,Station Name,start station latitude,start station longitude,Number of Starts 2018,Percentage of Total Starts 2018,end station id,end station latitude,end station longitude,Number of Ends 2018,Percentage of Total Ends 2018
519.0,Pershing Square North,40.751872999999996,-73.97770600000001,12026.0,26.26,519,40.751872999999996,-73.97770600000001,10637,13.83
497.0,E 17 St & Broadway,40.73704984,-73.99009296,8765.0,19.14,497,40.73704984,-73.99009296,8105,10.54
402.0,Broadway & E 22 St,40.740343200000005,-73.98955109,8747.0,19.1,402,40.740343200000005,-73.98955109,7930,10.31
435.0,W 21 St & 6 Ave,40.74173969,-73.99415556,8269.0,18.05,435,40.74173969,-73.99415556,7718,10.04
3255.0,8 Ave & W 31 St,40.75058535,-73.99468482,7257.0,15.84,3255,40.75058535,-73.99468482,6395,8.32
281.0,Grand Army Plaza & Central Park S,40.764397100000004,-73.97371465,7144.0,15.6,281,40.764397100000004,-73.97371465,4835,6.29
285.0,Broadway & E 14 St,40.73454567,-73.99074142,7046.0,15.38,285,40.73454567,-73.99074142,6462,8.4
499.0,Broadway & W 60 St,40.76915505,-73.98191841,7043.0,15.38,499,40.76915505,-73.98191841,5665,7.37
477.0,W 41 St & 8 Ave,40.75640548,-73.9900262,6717.0,14.67,477,40.75640548,-73.9900262,5839,7.59
2006.0,Central Park S & 6 Ave,40.76590936,-73.97634151,6538.0,14.28,2006,40.76590936,-73.97634151,5181,6.74
382.0,University Pl & E 14 St,40.73492695,-73.99200509,6467.0,14.12,382,40.73492695,-73.99200509,6196,8.06
490.0,8 Ave & W 33 St,40.751551,-73.993934,6426.0,14.03,490,40.751551,-73.993934,5697,7.41
426.0,West St & Chambers St,40.71754834,-74.01322069,6350.0,13.86,426,40.71754834,-74.01322069,6011,7.82
358.0,Christopher St & Greenwich St,40.73291553,-74.00711384,5999.0,13.1,358,40.73291553,-74.00711384,5475,7.12
293.0,Lafayette St & E 8 St,40.73020661,-73.99102628,5973.0,13.04,293,40.73020661,-73.99102628,5560,7.23
523.0,W 38 St & 8 Ave,40.75466591,-73.99138152,5960.0,13.01,523,40.75466591,-73.99138152,5261,6.84
368.0,Carmine St & 6 Ave,40.73038599,-74.00214988,5924.0,12.93,368,40.73038599,-74.00214988,5668,7.37
457.0,Broadway & W 58 St,40.76695317,-73.98169333,5855.0,12.78,457,40.76695317,-73.98169333,4712,6.13
514.0,12 Ave & W 40 St,40.76087502,-74.00277668,5757.0,12.57,514,40.76087502,-74.00277668,5132,6.67
432.0,E 7 St & Avenue A,40.72621788,-73.98379855,5754.0,12.56,432,40.72621788,-73.98379855,4593,5.97
229.0,Great Jones St,40.72743423,-73.99379025,5668.0,12.38,229,40.72743423,-73.99379025,5287,6.88
387.0,Centre St & Chambers St,40.71273266,-74.0046073,5570.0,12.16,387,40.71273266,-74.0046073,4899,6.37
3263.0,Cooper Square & Astor Pl,40.72951496,-73.9907527,5534.0,12.08,3263,40.72951496,-73.9907527,5590,7.27
482.0,W 15 St & 7 Ave,40.73935542,-73.99931783,5476.0,11.96,482,40.73935542,-73.99931783,5213,6.78
492.0,W 33 St & 7 Ave,40.75019995,-73.99093085,5443.0,11.88,492,40.75019995,-73.99093085,4757,6.19
359.0,E 47 St & Park Ave,40.75510267,-73.97498696,5442.0,11.88,359,40.75510267,-73.97498696,4491,5.84
505.0,6 Ave & W 33 St,40.74901271,-73.98848395,5430.0,11.86,505,40.74901271,-73.98848395,4958,6.45
151.0,Cleveland Pl & Spring St,40.72210379,-73.99724901,5352.0,11.69,151,40.72210379,-73.99724901,4819,6.27
459.0,W 20 St & 11 Ave,40.746745000000004,-74.007756,5269.0,11.5,459,40.746745000000004,-74.007756,4981,6.48
3002.0,South End Ave & Liberty St,40.711512,-74.01575600000001,5246.0,11.45,3002,40.711512,-74.01575600000001,4831,6.28
168.0,W 18 St & 6 Ave,40.73971301,-73.99456405,5207.0,11.37,168,40.73971301,-73.99456405,4731,6.15
465.0,Broadway & W 41 St,40.75513557,-73.98658032,5206.0,11.37,465,40.75513557,-73.98658032,4652,6.05
379.0,W 31 St & 7 Ave,40.749156,-73.9916,5169.0,11.29,379,40.749156,-73.9916,4732,6.15
504.0,1 Ave & E 16 St,40.73221853,-73.98165557,5125.0,11.19,504,40.73221853,-73.98165557,4639,6.03
462.0,W 22 St & 10 Ave,40.74691959,-74.00451887,5105.0,11.15,462,40.74691959,-74.00451887,4631,6.02
537.0,Lexington Ave & E 24 St,40.74025878,-73.98409214,4915.0,10.73,537,40.74025878,-73.98409214,4412,5.74
128.0,MacDougal St & Prince St,40.72710258,-74.00297088,4735.0,10.34,128,40.72710258,-74.00297088,4453,5.79
3224.0,W 13 St & Hudson St,40.73997354,-74.00513873,4703.0,10.27,3224,40.73997354,-74.00513873,4714,6.13
3164.0,Columbus Ave & W 72 St,40.7770575,-73.97898475,4674.0,10.21,3164,40.7770575,-73.97898475,2916,3.79
383.0,Greenwich Ave & Charles St,40.735238,-74.000271,4641.0,10.13,383,40.735238,-74.000271,4428,5.76
446.0,W 24 St & 7 Ave,40.74487634,-73.99529885,4623.0,10.09,446,40.74487634,-73.99529885,4123,5.36
161.0,LaGuardia Pl & W 3 St,40.72917025,-73.99810231,4586.0,10.01,161,40.72917025,-73.99810231,4355,5.66
453.0,W 22 St & 8 Ave,40.74475148,-73.99915362,4577.0,9.99,453,40.74475148,-73.99915362,4185,5.44
327.0,Vesey Pl & River Terrace,40.715337899999994,-74.01658354,4534.0,9.9,327,40.715337899999994,-74.01658354,3993,5.19
496.0,E 16 St & 5 Ave,40.73726186,-73.99238967,4532.0,9.9,496,40.73726186,-73.99238967,4116,5.35
3165.0,Central Park West & W 72 St,40.77579377,-73.97620574,4532.0,9.9,3165,40.77579377,-73.97620574,3512,4.57
491.0,E 24 St & Park Ave S,40.74096374,-73.98602213,4521.0,9.87,491,40.74096374,-73.98602213,4180,5.44
442.0,W 27 St & 7 Ave,40.746646999999996,-73.993915,4520.0,9.87,442,40.746646999999996,-73.993915,4150,5.4
450.0,W 49 St & 8 Ave,40.76227205,-73.98788205,4464.0,9.75,450,40.76227205,-73.98788205,4027,5.24
3163.0,Central Park West & W 68 St,40.7734066,-73.97782542,4443.0,9.7,3163,40.7734066,-73.97782542,3418,4.44
509.0,9 Ave & W 22 St,40.7454973,-74.00197139,4434.0,9.68,509,40.7454973,-74.00197139,4058,5.28
173.0,Broadway & W 49 St,40.76068327,-73.98452729,4423.0,9.66,173,40.76068327,-73.98452729,4004,5.21
445.0,E 10 St & Avenue A,40.72740794,-73.98142006,4385.0,9.57,445,40.72740794,-73.98142006,4571,5.94
405.0,Washington St & Gansevoort St,40.739323,-74.008119,4373.0,9.55,405,40.739323,-74.008119,3974,5.17
472.0,E 32 St & Park Ave,40.745712100000006,-73.98194829,4371.0,9.54,472,40.745712100000006,-73.98194829,4059,5.28
498.0,Broadway & W 32 St,40.74854862,-73.98808416,4349.0,9.5,498,40.74854862,-73.98808416,3731,4.85
483.0,E 12 St & 3 Ave,40.73223272,-73.98889957,4330.0,9.45,483,40.73223272,-73.98889957,4024,5.23
479.0,9 Ave & W 45 St,40.76019252,-73.9912551,4312.0,9.41,479,40.76019252,-73.9912551,3809,4.95
527.0,E 33 St & 2 Ave,40.744023,-73.976056,4286.0,9.36,527,40.744023,-73.976056,3846,5.0
3244.0,University Pl & E 8 St,40.73143724,-73.99490342,4278.0,9.34,3244,40.73143724,-73.99490342,3972,5.17
127.0,Barrow St & Hudson St,40.73172428,-74.00674436,4270.0,9.32,127,40.73172428,-74.00674436,3981,5.18
254.0,W 11 St & 6 Ave,40.73532427,-73.99800419,4244.0,9.27,254,40.73532427,-73.99800419,4007,5.21
439.0,E 4 St & 2 Ave,40.726280700000004,-73.98978041,4226.0,9.23,439,40.726280700000004,-73.98978041,3893,5.06
433.0,E 13 St & Avenue A,40.72955361,-73.98057249,4172.0,9.11,433,40.72955361,-73.98057249,3438,4.47
486.0,Broadway & W 29 St,40.7462009,-73.98855723,4138.0,9.03,486,40.7462009,-73.98855723,3731,4.85
297.0,E 15 St & 3 Ave,40.734232,-73.986923,4123.0,9.0,297,40.734232,-73.986923,3763,4.89
3141.0,1 Ave & E 68 St,40.76500525,-73.95818491,4116.0,8.99,3141,40.76500525,-73.95818491,3291,4.28
237.0,E 11 St & 2 Ave,40.73047309,-73.98672378,4110.0,8.97,237,40.73047309,-73.98672378,3757,4.89
517.0,Pershing Square South,40.751581,-73.97791,4103.0,8.96,517,40.751581,-73.97791,3491,4.54
466.0,W 25 St & 6 Ave,40.74395411,-73.99144871,4094.0,8.94,466,40.74395411,-73.99144871,3694,4.8
507.0,E 25 St & 2 Ave,40.73912601,-73.97973776,4071.0,8.89,507,40.73912601,-73.97973776,3629,4.72
545.0,E 23 St & 1 Ave,40.736502,-73.97809472,4044.0,8.83,545,40.736502,-73.97809472,3753,4.88
3233.0,E 48 St & 5 Ave,40.75724568,-73.97805914,3960.0,8.65,3233,40.75724568,-73.97805914,3544,4.61
3167.0,Amsterdam Ave & W 73 St,40.77966809,-73.98093045,3956.0,8.64,3167,40.77966809,-73.98093045,3158,4.11
518.0,E 39 St & 2 Ave,40.74780373,-73.97344190000001,3955.0,8.64,518,40.74780373,-73.97344190000001,3477,4.52
494.0,W 26 St & 8 Ave,40.74734825,-73.99723551,3955.0,8.64,494,40.74734825,-73.99723551,3557,4.63
236.0,St Marks Pl & 2 Ave,40.7284186,-73.98713956,3932.0,8.59,236,40.7284186,-73.98713956,3712,4.83
531.0,Forsyth St & Broome St,40.71893904,-73.99266288,3919.0,8.56,531,40.71893904,-73.99266288,3609,4.69
438.0,St Marks Pl & 1 Ave,40.72779126,-73.98564945,3913.0,8.54,438,40.72779126,-73.98564945,3739,4.86
474.0,5 Ave & E 29 St,40.7451677,-73.98683077,3877.0,8.47,474,40.7451677,-73.98683077,3562,4.63
3282.0,5 Ave & E 88 St,40.78307,-73.95939,3854.0,8.41,3282,40.78307,-73.95939,3324,4.32
347.0,Greenwich St & W Houston St,40.728846000000004,-74.00859100000001,3838.0,8.38,347,40.728846000000004,-74.00859100000001,3628,4.72
3256.0,Pier 40 - Hudson River Park,40.72771408,-74.01129574,3838.0,8.38,3256,40.72771408,-74.01129574,3526,4.59
3260.0,Mercer St & Bleecker St,40.72706363,-73.99662137,3817.0,8.33,3260,40.72706363,-73.99662137,3575,4.65
346.0,Bank St & Hudson St,40.73652889,-74.00618026,3785.0,8.26,346,40.73652889,-74.00618026,3467,4.51
307.0,Canal St & Rutgers St,40.71427487,-73.98990025,3763.0,8.22,307,40.71427487,-73.98990025,3454,4.49
312.0,Allen St & Stanton St,40.722055,-73.989111,3720.0,8.12,312,40.722055,-73.989111,3419,4.45
461.0,E 20 St & 2 Ave,40.73587678,-73.98205027,3699.0,8.08,461,40.73587678,-73.98205027,3358,4.37
2021.0,W 45 St & 8 Ave,40.75929124,-73.98859651,3692.0,8.06,2021,40.75929124,-73.98859651,3272,4.25
410.0,Suffolk St & Stanton St,40.72066442,-73.98517977,3691.0,8.06,410,40.72066442,-73.98517977,3412,4.44
458.0,11 Ave & W 27 St,40.751396,-74.00522600000001,3688.0,8.05,458,40.751396,-74.00522600000001,3596,4.68
529.0,W 42 St & 8 Ave,40.75756989999999,-73.99098507,3656.0,7.98,529,40.75756989999999,-73.99098507,3433,4.46
251.0,Mott St & Prince St,40.72317958,-73.99480012,3645.0,7.96,251,40.72317958,-73.99480012,3378,4.39
2008.0,Little West St & 1 Pl,40.70569254,-74.01677685,3641.0,7.95,2008,40.70569254,-74.01677685,3325,4.32
417.0,Barclay St & Church St,40.71291224,-74.01020234,3634.0,7.93,417,40.71291224,-74.01020234,3183,4.14
447.0,8 Ave & W 52 St,40.76370739,-73.9851615,3630.0,7.93,447,40.76370739,-73.9851615,3298,4.29
468.0,Broadway & W 56 St,40.7652654,-73.98192338,3629.0,7.92,468,40.7652654,-73.98192338,3080,4.01
487.0,E 20 St & FDR Drive,40.73314259,-73.97573881,3626.0,7.92,487,40.73314259,-73.97573881,3398,4.42
326.0,E 11 St & 1 Ave,40.72953837,-73.98426726,3617.0,7.9,326,40.72953837,-73.98426726,3333,4.33
530.0,11 Ave & W 59 St,40.771522,-73.99054100000001,3590.0,7.84,530,40.771522,-73.99054100000001,3056,3.97
3258.0,W 27 St & 10 Ave,40.75018156,-74.00218427,3583.0,7.82,3258,40.75018156,-74.00218427,3224,4.19
536.0,1 Ave & E 30 St,40.74144387,-73.97536082,3569.0,7.79,536,40.74144387,-73.97536082,3369,4.38
3158.0,W 63 St & Broadway,40.77163851,-73.98261428,3567.0,7.79,3158,40.77163851,-73.98261428,2465,3.21
2003.0,1 Ave & E 18 St,40.73381219,-73.98054421,3545.0,7.74,2003,40.73381219,-73.98054421,3183,4.14
540.0,Lexington Ave & E 29 St,40.74311555,-73.98215353,3545.0,7.74,540,40.74311555,-73.98215353,3265,4.25
401.0,Allen St & Rivington St,40.72019576,-73.98997825,3517.0,7.68,401,40.72019576,-73.98997825,3227,4.2
265.0,Stanton St & Chrystie St,40.72229346,-73.99147535,3506.0,7.66,265,40.72229346,-73.99147535,3157,4.11
336.0,Sullivan St & Washington Sq,40.73047747,-73.99906065,3502.0,7.65,336,40.73047747,-73.99906065,3463,4.5
335.0,Washington Pl & Broadway,40.72903917,-73.99404649,3474.0,7.59,335,40.72903917,-73.99404649,3295,4.28
315.0,South St & Gouverneur Ln,40.70355377,-74.00670227,3449.0,7.53,315,40.70355377,-74.00670227,3320,4.32
476.0,E 31 St & 3 Ave,40.74394314,-73.97966069,3433.0,7.5,476,40.74394314,-73.97966069,3103,4.04
3168.0,Central Park West & W 85 St,40.78472675,-73.96961715,3418.0,7.46,3168,40.78472675,-73.96961715,2444,3.18
501.0,FDR Drive & E 35 St,40.744219,-73.97121214,3379.0,7.38,501,40.744219,-73.97121214,3087,4.01
212.0,W 16 St & The High Line,40.74334935,-74.00681753,3378.0,7.38,212,40.74334935,-74.00681753,3077,4.0
526.0,E 33 St & 5 Ave,40.74765947,-73.98490707,3353.0,7.32,526,40.74765947,-73.98490707,3059,3.98
3016.0,Kent Ave & N 7 St,40.72036775,-73.96165073,3327.0,7.26,3016,40.72036775,-73.96165073,3126,4.07
3159.0,W 67 St & Broadway,40.77492513,-73.98266566,3322.0,7.25,3159,40.77492513,-73.98266566,2431,3.16
3236.0,W 42 St & Dyer Ave,40.75898481,-73.99379969,3273.0,7.15,3236,40.75898481,-73.99379969,2828,3.68
304.0,Broadway & Battery Pl,40.70463334,-74.01361706,3267.0,7.13,304,40.70463334,-74.01361706,3345,4.35
478.0,11 Ave & W 41 St,40.76030096,-73.99884222,3232.0,7.06,478,40.76030096,-73.99884222,3023,3.93
325.0,E 19 St & 3 Ave,40.73624527,-73.98473765,3229.0,7.05,325,40.73624527,-73.98473765,2944,3.83
3137.0,5 Ave & E 73 St,40.77282817,-73.96685276,3220.0,7.03,3137,40.77282817,-73.96685276,2606,3.39
361.0,Allen St & Hester St,40.71605866,-73.99190759,3200.0,6.99,361,40.71605866,-73.99190759,2877,3.74
485.0,W 37 St & 5 Ave,40.75038009,-73.98338988,3198.0,6.98,485,40.75038009,-73.98338988,2762,3.59
403.0,E 2 St & 2 Ave,40.72502876,-73.99069656,3178.0,6.94,403,40.72502876,-73.99069656,2998,3.9
515.0,W 43 St & 10 Ave,40.76009437,-73.99461843,3172.0,6.93,515,40.76009437,-73.99461843,2910,3.78
412.0,Forsyth St & Canal St,40.715815500000005,-73.99422366,3165.0,6.91,412,40.715815500000005,-73.99422366,2694,3.5
305.0,E 58 St & 3 Ave,40.76095756,-73.96724467,3151.0,6.88,305,40.76095756,-73.96724467,2636,3.43
268.0,Howard St & Centre St,40.71910537,-73.99973337,3131.0,6.84,268,40.71910537,-73.99973337,2804,3.65
3142.0,1 Ave & E 62 St,40.761227399999996,-73.96094022,3112.0,6.79,3142,40.761227399999996,-73.96094022,2505,3.26
528.0,2 Ave & E 31 St,40.74290902,-73.97706058,3101.0,6.77,528,40.74290902,-73.97706058,2739,3.56
484.0,W 44 St & 5 Ave,40.75500254,-73.98014437,3095.0,6.76,484,40.75500254,-73.98014437,2760,3.59
301.0,E 2 St & Avenue B,40.72217444,-73.98368779,3081.0,6.73,301,40.72217444,-73.98368779,2912,3.79
303.0,Mercer St & Spring St,40.72362738,-73.99949601,3072.0,6.71,303,40.72362738,-73.99949601,2833,3.68
334.0,W 20 St & 7 Ave,40.74238787,-73.99726235,3062.0,6.69,334,40.74238787,-73.99726235,2791,3.63
520.0,W 52 St & 5 Ave,40.75992262,-73.97648516,3049.0,6.66,520,40.75992262,-73.97648516,2773,3.61
546.0,E 30 St & Park Ave S,40.74444921,-73.98303529,3034.0,6.62,546,40.74444921,-73.98303529,2807,3.65
524.0,W 43 St & 6 Ave,40.75527307,-73.98316936,3028.0,6.61,524,40.75527307,-73.98316936,2744,3.57
317.0,E 6 St & Avenue B,40.72453734,-73.98185424,3012.0,6.58,317,40.72453734,-73.98185424,2898,3.77
174.0,E 25 St & 1 Ave,40.7381765,-73.97738662,3000.0,6.55,174,40.7381765,-73.97738662,2766,3.6
532.0,S 5 Pl & S 5 St,40.710451,-73.960876,2993.0,6.53,532,40.710451,-73.960876,2571,3.34
167.0,E 39 St & 3 Ave,40.7489006,-73.97604882,2992.0,6.53,167,40.7489006,-73.97604882,2654,3.45
495.0,W 47 St & 10 Ave,40.76269882,-73.99301222,2989.0,6.53,495,40.76269882,-73.99301222,2691,3.5
388.0,W 26 St & 10 Ave,40.74971775,-74.00295035,2953.0,6.45,388,40.74971775,-74.00295035,2589,3.37
3093.0,N 6 St & Bedford Ave,40.71745169,-73.95850939,2952.0,6.45,3093,40.71745169,-73.95850939,2814,3.66
448.0,W 37 St & 10 Ave,40.75660359,-73.9979009,2942.0,6.42,448,40.75660359,-73.9979009,2642,3.44
377.0,6 Ave & Canal St,40.72243797,-74.00566443,2900.0,6.33,377,40.72243797,-74.00566443,2731,3.55
441.0,E 52 St & 2 Ave,40.756014,-73.967416,2900.0,6.33,441,40.756014,-73.967416,2266,2.95
480.0,W 53 St & 10 Ave,40.76669671,-73.99061728,2865.0,6.26,480,40.76669671,-73.99061728,2581,3.36
3140.0,1 Ave & E 78 St,40.77140426,-73.9535166,2859.0,6.24,3140,40.77140426,-73.9535166,2274,2.96
267.0,Broadway & W 36 St,40.75097711,-73.98765428,2834.0,6.19,267,40.75097711,-73.98765428,2447,3.18
2010.0,Grand St & Greene St,40.72165481,-74.00234737,2831.0,6.18,2010,40.72165481,-74.00234737,2519,3.28
539.0,Metropolitan Ave & Bedford Ave,40.71534825,-73.96024116,2816.0,6.15,539,40.71534825,-73.96024116,2666,3.47
319.0,Fulton St & Broadway,40.711065999999995,-74.009447,2814.0,6.14,319,40.711065999999995,-74.009447,2462,3.2
72.0,W 52 St & 11 Ave,40.76727216,-73.99392888,2797.0,6.11,72,40.76727216,-73.99392888,2416,3.14
195.0,Liberty St & Broadway,40.70905623,-74.01043382,2790.0,6.09,195,40.70905623,-74.01043382,2512,3.27
470.0,W 20 St & 8 Ave,40.74345335,-74.00004031,2771.0,6.05,470,40.74345335,-74.00004031,2596,3.38
525.0,W 34 St & 11 Ave,40.75594159,-74.0021163,2762.0,6.03,525,40.75594159,-74.0021163,2518,3.27
363.0,West Thames St,40.70834698,-74.01713445,2732.0,5.97,363,40.70834698,-74.01713445,2544,3.31
394.0,E 9 St & Avenue C,40.72521311,-73.97768752,2728.0,5.96,394,40.72521311,-73.97768752,2400,3.12
508.0,W 46 St & 11 Ave,40.76341379,-73.99667444,2717.0,5.93,508,40.76341379,-73.99667444,2328,3.03
3259.0,9 Ave & W 28 St,40.74937024,-73.99923384,2713.0,5.92,3259,40.74937024,-73.99923384,2417,3.14
252.0,MacDougal St & Washington Sq,40.73226398,-73.99852205,2683.0,5.86,252,40.73226398,-73.99852205,2556,3.32
3147.0,E 85 St & 3 Ave,40.77801203,-73.95407149,2682.0,5.86,3147,40.77801203,-73.95407149,1825,2.37
369.0,Washington Pl & 6 Ave,40.73224119,-74.00026394,2680.0,5.85,369,40.73224119,-74.00026394,2542,3.31
423.0,W 54 St & 9 Ave,40.76584941,-73.98690506,2677.0,5.84,423,40.76584941,-73.98690506,2290,2.98
469.0,Broadway & W 53 St,40.76344058,-73.98268129,2636.0,5.76,469,40.76344058,-73.98268129,2188,2.85
355.0,Bayard St & Baxter St,40.71602118,-73.99974372,2630.0,5.74,355,40.71602118,-73.99974372,2388,3.11
3161.0,W 76 St & Columbus Ave,40.78018397,-73.97728533,2582.0,5.64,3161,40.78018397,-73.97728533,1554,2.02
3223.0,E 55 St & 3 Ave,40.75899656,-73.96865398,2567.0,5.6,3223,40.75899656,-73.96865398,2195,2.85
500.0,Broadway & W 51 St,40.76228826,-73.98336183,2564.0,5.6,500,40.76228826,-73.98336183,2219,2.89
3160.0,Central Park West & W 76 St,40.77896784,-73.97374737,2527.0,5.52,3160,40.77896784,-73.97374737,1868,2.43
328.0,Watts St & Greenwich St,40.72405549,-74.00965965,2524.0,5.51,328,40.72405549,-74.00965965,2353,3.06
460.0,S 4 St & Wythe Ave,40.71285887,-73.96590294,2514.0,5.49,460,40.71285887,-73.96590294,2240,2.91
3295.0,Central Park W & W 96 St,40.791270000000004,-73.964839,2507.0,5.47,3295,40.791270000000004,-73.964839,1483,1.93
502.0,Henry St & Grand St,40.714215,-73.981346,2498.0,5.45,502,40.714215,-73.981346,2324,3.02
3143.0,5 Ave & E 78 St,40.77632142,-73.96427393,2490.0,5.44,3143,40.77632142,-73.96427393,1940,2.52
3090.0,N 8 St & Driggs Ave,40.71774592,-73.95600096,2486.0,5.43,3090,40.71774592,-73.95600096,2168,2.82
2000.0,Front St & Washington St,40.70255088,-73.98940236,2460.0,5.37,2000,40.70255088,-73.98940236,1973,2.57
309.0,Murray St & West St,40.7149787,-74.013012,2456.0,5.36,309,40.7149787,-74.013012,2296,2.99
3175.0,W 70 St & Amsterdam Ave,40.77748046,-73.98288594,2452.0,5.35,3175,40.77748046,-73.98288594,1987,2.58
247.0,Perry St & Bleecker St,40.73535398,-74.00483091,2439.0,5.33,247,40.73535398,-74.00483091,2238,2.91
2012.0,E 27 St & 1 Ave,40.739445,-73.97680600000001,2437.0,5.32,2012,40.739445,-73.97680600000001,2172,2.82
533.0,Broadway & W 38 St,40.75299641,-73.98721619,2433.0,5.31,533,40.75299641,-73.98721619,2072,2.69
2002.0,Wythe Ave & Metropolitan Ave,40.716887,-73.96319799999999,2415.0,5.27,2002,40.716887,-73.96319799999999,2216,2.88
279.0,Peck Slip & Front St,40.707873,-74.00166999999999,2408.0,5.26,279,40.707873,-74.00166999999999,2344,3.05
3170.0,W 84 St & Columbus Ave,40.78499979,-73.97283406,2375.0,5.19,3170,40.78499979,-73.97283406,1330,1.73
311.0,Norfolk St & Broome St,40.7172274,-73.98802084,2322.0,5.07,311,40.7172274,-73.98802084,2159,2.81
440.0,E 45 St & 3 Ave,40.75255434,-73.97282625,2311.0,5.05,440,40.75255434,-73.97282625,2021,2.63
3171.0,Amsterdam Ave & W 82 St,40.78524672,-73.97667321,2302.0,5.03,3171,40.78524672,-73.97667321,1718,2.23
217.0,Old Fulton St,40.70277159,-73.99383605,2290.0,5.0,217,40.70277159,-73.99383605,2126,2.76
455.0,1 Ave & E 44 St,40.75001986,-73.96905301,2276.0,4.97,455,40.75001986,-73.96905301,2103,2.73
296.0,Division St & Bowery,40.71413089,-73.99704679999999,2248.0,4.91,296,40.71413089,-73.99704679999999,2123,2.76
422.0,W 59 St & 10 Ave,40.770513,-73.988038,2228.0,4.86,422,40.770513,-73.988038,1955,2.54
522.0,E 51 St & Lexington Ave,40.75714758,-73.97207836,2224.0,4.86,522,40.75714758,-73.97207836,1986,2.58
3112.0,Milton St & Franklin St,40.72906,-73.95779,2206.0,4.82,3112,40.72906,-73.95779,1939,2.52
350.0,Clinton St & Grand St,40.71559509,-73.9870295,2196.0,4.79,350,40.71559509,-73.9870295,2023,2.63
357.0,E 11 St & Broadway,40.73261787,-73.99158043,2180.0,4.76,357,40.73261787,-73.99158043,1982,2.58
391.0,Clark St & Henry St,40.69760127,-73.99344559,2172.0,4.74,391,40.69760127,-73.99344559,1086,1.41
3226.0,W 82 St & Central Park West,40.78275,-73.97137,2165.0,4.73,3226,40.78275,-73.97137,1376,1.79
456.0,E 53 St & Madison Ave,40.75971079999999,-73.97402311,2162.0,4.72,456,40.75971079999999,-73.97402311,1913,2.49
239.0,Willoughby St & Fleet St,40.69196566,-73.9813018,2120.0,4.63,239,40.69196566,-73.9813018,1666,2.17
513.0,W 56 St & 10 Ave,40.768254,-73.988639,2118.0,4.62,513,40.768254,-73.988639,1919,2.5
150.0,E 2 St & Avenue C,40.720873600000004,-73.98085795,2113.0,4.61,150,40.720873600000004,-73.98085795,2016,2.62
3173.0,Riverside Blvd & W 67 St,40.77750703,-73.98888588,2111.0,4.61,3173,40.77750703,-73.98888588,1721,2.24
3283.0,W 89 St & Columbus Ave,40.7882213,-73.97041561,2106.0,4.6,3283,40.7882213,-73.97041561,1111,1.44
79.0,Franklin St & W Broadway,40.71911552,-74.00666661,2092.0,4.57,79,40.71911552,-74.00666661,1963,2.55
323.0,Lawrence St & Willoughby St,40.69236178,-73.98631746,2078.0,4.54,323,40.69236178,-73.98631746,1279,1.66
473.0,Rivington St & Chrystie St,40.72110063,-73.99192540000001,2074.0,4.53,473,40.72110063,-73.99192540000001,1854,2.41
3107.0,Bedford Ave & Nassau Ave,40.72311651,-73.95212324,2073.0,4.53,3107,40.72311651,-73.95212324,1923,2.5
3301.0,Columbus Ave & W 95 St,40.7919557,-73.968087,2068.0,4.52,3301,40.7919557,-73.968087,1025,1.33
146.0,Hudson St & Reade St,40.71625008,-74.0091059,2055.0,4.49,146,40.71625008,-74.0091059,1840,2.39
295.0,Pike St & E Broadway,40.71406667,-73.99293911,2041.0,4.46,295,40.71406667,-73.99293911,1888,2.46
3243.0,E 58 St & 1 Ave,40.75892386,-73.96226227,2041.0,4.46,3243,40.75892386,-73.96226227,1673,2.18
3166.0,Riverside Dr & W 72 St,40.78057799,-73.98562431,2040.0,4.45,3166,40.78057799,-73.98562431,1597,2.08
3156.0,E 72 St & York Ave,40.76663814,-73.95348296,2004.0,4.38,3156,40.76663814,-73.95348296,1568,2.04
259.0,South St & Whitehall St,40.70122128,-74.01234218,1964.0,4.29,259,40.70122128,-74.01234218,1939,2.52
3132.0,E 59 St & Madison Ave,40.76350532,-73.97109243,1961.0,4.28,3132,40.76350532,-73.97109243,1606,2.09
257.0,Lispenard St & Broadway,40.71939226,-74.00247214,1930.0,4.21,257,40.71939226,-74.00247214,1774,2.31
3092.0,Berry St & N 8 St,40.7190095,-73.95852515,1924.0,4.2,3092,40.7190095,-73.95852515,1773,2.31
164.0,E 47 St & 2 Ave,40.75323098,-73.97032517,1913.0,4.18,164,40.75323098,-73.97032517,1673,2.18
3235.0,E 41 St & Madison Ave,40.75216528,-73.97992194,1905.0,4.16,3235,40.75216528,-73.97992194,1729,2.25
3129.0,Queens Plaza North & Crescent St,40.75110165,-73.94073717,1903.0,4.16,3129,40.75110165,-73.94073717,1113,1.45
284.0,Greenwich Ave & 8 Ave,40.73901691,-74.00263761,1897.0,4.14,284,40.73901691,-74.00263761,1848,2.4
321.0,Cadman Plaza E & Red Cross Pl,40.69991755,-73.98971773,1881.0,4.11,321,40.69991755,-73.98971773,1464,1.9
386.0,Centre St & Worth St,40.71494807,-74.00234482,1870.0,4.08,386,40.71494807,-74.00234482,1685,2.19
330.0,Reade St & Broadway,40.71450451,-74.00562789,1865.0,4.07,330,40.71450451,-74.00562789,1624,2.11
392.0,Jay St & Tech Pl,40.695065,-73.987167,1855.0,4.05,392,40.695065,-73.987167,1459,1.9
228.0,E 48 St & 3 Ave,40.7546011,-73.97187886,1832.0,4.0,228,40.7546011,-73.97187886,1596,2.08
302.0,Avenue D & E 3 St,40.72082834,-73.97793172,1831.0,4.0,302,40.72082834,-73.97793172,1668,2.17
3162.0,W 78 St & Broadway,40.78339981,-73.98093133,1820.0,3.97,3162,40.78339981,-73.98093133,1261,1.64
467.0,Dean St & 4 Ave,40.68312489,-73.97895137,1817.0,3.97,467,40.68312489,-73.97895137,458,0.6
3176.0,W 64 St & West End Ave,40.77452835,-73.98753759,1797.0,3.92,3176,40.77452835,-73.98753759,1512,1.97
362.0,Broadway & W 37 St,40.75172632,-73.98753523,1789.0,3.91,362,40.75172632,-73.98753523,1627,2.12
320.0,Leonard St & Church St,40.717571,-74.005549,1771.0,3.87,320,40.717571,-74.005549,1568,2.04
3119.0,Vernon Blvd & 50 Ave,40.74232744,-73.95411749,1752.0,3.83,3119,40.74232744,-73.95411749,1393,1.81
356.0,Bialystoker Pl & Delancey St,40.71622644,-73.98261206,1752.0,3.83,356,40.71622644,-73.98261206,1032,1.34
308.0,St James Pl & Oliver St,40.71307916,-73.99851193,1744.0,3.81,308,40.71307916,-73.99851193,1568,2.04
3305.0,E 91 St & 2 Ave,40.7811223,-73.94965589,1742.0,3.8,3305,40.7811223,-73.94965589,1129,1.47
143.0,Clinton St & Joralemon St,40.69239502,-73.99337909,1738.0,3.79,143,40.69239502,-73.99337909,518,0.67
342.0,Columbia St & Rivington St,40.71739973,-73.98016555,1721.0,3.76,342,40.71739973,-73.98016555,1447,1.88
3172.0,W 74 St & Columbus Ave,40.7785669,-73.97754961,1721.0,3.76,3172,40.7785669,-73.97754961,1302,1.69
3177.0,W 84 St & Broadway,40.7867947,-73.977112,1713.0,3.74,3177,40.7867947,-73.977112,1205,1.57
427.0,Bus Slip & State St,40.701907,-74.013942,1690.0,3.69,427,40.701907,-74.013942,1619,2.11
3086.0,Graham Ave & Conselyea St,40.715143,-73.944507,1688.0,3.69,3086,40.715143,-73.944507,1162,1.51
406.0,Hicks St & Montague St,40.69512845,-73.99595065,1687.0,3.68,406,40.69512845,-73.99595065,1049,1.36
398.0,Atlantic Ave & Furman St,40.69165183,-73.99997859999999,1678.0,3.66,398,40.69165183,-73.99997859999999,983,1.28
393.0,E 5 St & Avenue C,40.72299208,-73.97995466,1672.0,3.65,393,40.72299208,-73.97995466,1566,2.04
2023.0,E 55 St & Lexington Ave,40.75968085,-73.97031366,1665.0,3.64,2023,40.75968085,-73.97031366,1424,1.85
481.0,S 3 St & Bedford Ave,40.71260486,-73.96264403,1656.0,3.62,481,40.71260486,-73.96264403,1305,1.7
351.0,Front St & Maiden Ln,40.70530954,-74.00612572,1642.0,3.59,351,40.70530954,-74.00612572,1568,2.04
415.0,Pearl St & Hanover Square,40.7047177,-74.00926027,1634.0,3.57,415,40.7047177,-74.00926027,1546,2.01
366.0,Clinton Ave & Myrtle Ave,40.693261,-73.968896,1617.0,3.53,366,40.693261,-73.968896,1209,1.57
306.0,Cliff St & Fulton St_1,40.70823502,-74.00530063,1610.0,3.52,306,40.70823502,-74.00530063,1466,1.91
276.0,Duane St & Greenwich St,40.71748752,-74.0104554,1601.0,3.5,276,40.71748752,-74.0104554,1466,1.91
389.0,Broadway & Berry St,40.71044554,-73.96525063,1600.0,3.49,389,40.71044554,-73.96525063,1351,1.76
3148.0,E 84 St & 1 Ave,40.77565541,-73.95068615,1586.0,3.46,3148,40.77565541,-73.95068615,1155,1.5
411.0,E 6 St & Avenue D,40.72228087,-73.97668709,1584.0,3.46,411,40.72228087,-73.97668709,1470,1.91
3285.0,W 87 St & Amsterdam Ave,40.78839,-73.9747,1582.0,3.45,3285,40.78839,-73.9747,1056,1.37
349.0,Rivington St & Ridge St,40.71850211,-73.98329859,1580.0,3.45,349,40.71850211,-73.98329859,1476,1.92
376.0,John St & William St,40.70862144,-74.00722156,1576.0,3.44,376,40.70862144,-74.00722156,1455,1.89
264.0,Maiden Ln & Pearl St,40.70706456,-74.00731853,1548.0,3.38,264,40.70706456,-74.00731853,1448,1.88
332.0,Cherry St,40.71219906,-73.97948148,1536.0,3.35,332,40.71219906,-73.97948148,1465,1.91
3134.0,3 Ave & E 62 St,40.76312584,-73.96526895,1527.0,3.33,3134,40.76312584,-73.96526895,1170,1.52
316.0,Fulton St & William St,40.70955958,-74.00653609,1519.0,3.32,316,40.70955958,-74.00653609,1403,1.82
454.0,E 51 St & 1 Ave,40.75455731,-73.96592976,1517.0,3.31,454,40.75455731,-73.96592976,1373,1.79
3155.0,Lexington Ave & E 63 St,40.76440023,-73.96648977,1508.0,3.29,3155,40.76440023,-73.96648977,1206,1.57
3110.0,Meserole Ave & Manhattan Ave,40.72708584,-73.95299117,1495.0,3.26,3110,40.72708584,-73.95299117,1287,1.67
534.0,Water - Whitehall Plaza,40.70255065,-74.0127234,1490.0,3.25,534,40.70255065,-74.0127234,1405,1.83
314.0,Cadman Plaza West & Montague St,40.69383,-73.990539,1483.0,3.24,314,40.69383,-73.990539,857,1.11
258.0,DeKalb Ave & Vanderbilt Ave,40.68940747,-73.96885458,1481.0,3.23,258,40.68940747,-73.96885458,756,0.98
340.0,Madison St & Clinton St,40.71269042,-73.98776323,1473.0,3.22,340,40.71269042,-73.98776323,1386,1.8
3232.0,Bond St & Fulton St,40.68962189,-73.98304269,1468.0,3.21,3232,40.68962189,-73.98304269,998,1.3
270.0,Adelphi St & Myrtle Ave,40.69308257,-73.97178913,1451.0,3.17,270,40.69308257,-73.97178913,1213,1.58
2009.0,Catherine St & Monroe St,40.71117444,-73.99682619,1443.0,3.15,2009,40.71117444,-73.99682619,1380,1.79
3290.0,E 89 St & York Ave,40.7779453,-73.94604100000001,1443.0,3.15,3290,40.7779453,-73.94604100000001,1037,1.35
324.0,DeKalb Ave & Hudson Ave,40.689888,-73.981013,1439.0,3.14,324,40.689888,-73.981013,2164,2.81
157.0,Henry St & Atlantic Ave,40.69089272,-73.99612349,1424.0,3.11,157,40.69089272,-73.99612349,971,1.26
360.0,William St & Pine St,40.70717936,-74.00887308,1423.0,3.11,360,40.70717936,-74.00887308,1324,1.72
3113.0,Greenpoint Ave & Manhattan Ave,40.730259999999994,-73.95394,1417.0,3.09,3113,40.730259999999994,-73.95394,1171,1.52
3292.0,5 Ave & E 93 St,40.785785100000005,-73.957481,1404.0,3.07,3292,40.785785100000005,-73.957481,1013,1.32
3293.0,W 92 St & Broadway,40.7921,-73.9739,1399.0,3.05,3293,40.7921,-73.9739,769,1.0
282.0,Kent Ave & S 11 St,40.70764494,-73.96841526,1388.0,3.03,282,40.70764494,-73.96841526,1150,1.5
3139.0,E 72 St & Park Ave,40.77118288,-73.96409422,1378.0,3.01,3139,40.77118288,-73.96409422,1071,1.39
516.0,E 47 St & 1 Ave,40.75206862,-73.96784384,1376.0,3.0,516,40.75206862,-73.96784384,1223,1.59
274.0,Lafayette Ave & Fort Greene Pl,40.68691865,-73.976682,1373.0,3.0,274,40.68691865,-73.976682,952,1.24
3286.0,E 89 St & 3 Ave,40.7806284,-73.9521667,1369.0,2.99,3286,40.7806284,-73.9521667,904,1.18
291.0,Madison St & Montgomery St,40.713126,-73.984844,1353.0,2.95,291,40.713126,-73.984844,1243,1.62
3169.0,Riverside Dr & W 82 St,40.78720869,-73.98128127,1351.0,2.95,3169,40.78720869,-73.98128127,1019,1.33
3151.0,E 81 St & York Ave,40.7728384,-73.94989233,1334.0,2.91,3151,40.7728384,-73.94989233,983,1.28
249.0,Harrison St & Hudson St,40.71870987,-74.0090009,1311.0,2.86,249,40.71870987,-74.0090009,1241,1.61
331.0,Pike St & Monroe St,40.71173107,-73.99193043,1308.0,2.86,331,40.71173107,-73.99193043,1216,1.58
390.0,Duffield St & Willoughby St,40.69221589,-73.9842844,1297.0,2.83,390,40.69221589,-73.9842844,883,1.15
3145.0,E 84 St & Park Ave,40.77862688,-73.95772073,1291.0,2.82,3145,40.77862688,-73.95772073,901,1.17
310.0,State St & Smith St,40.68926942,-73.98912867,1286.0,2.81,310,40.68926942,-73.98912867,754,0.98
414.0,Pearl St & Anchorage Pl,40.70281858,-73.98765762,1283.0,2.8,414,40.70281858,-73.98765762,1183,1.54
3242.0,Schermerhorn St & Court St,40.69102926,-73.99183363,1271.0,2.78,3242,40.69102926,-73.99183363,636,0.83
3096.0,Union Ave & N 12 St,40.71924,-73.95241999999999,1256.0,2.74,3096,40.71924,-73.95241999999999,1119,1.46
503.0,E 20 St & Park Ave,40.73827428,-73.98751968,1256.0,2.74,503,40.73827428,-73.98751968,1118,1.45
3108.0,Nassau Ave & Russell St,40.725570000000005,-73.94434,1249.0,2.73,3108,40.725570000000005,-73.94434,1053,1.37
244.0,Willoughby Ave & Hall St,40.69196035,-73.96536851,1248.0,2.72,244,40.69196035,-73.96536851,859,1.12
266.0,Avenue D & E 8 St,40.72368361,-73.97574813,1247.0,2.72,266,40.72368361,-73.97574813,1127,1.47
337.0,Old Slip & Front St,40.703799200000006,-74.00838676,1246.0,2.72,337,40.703799200000006,-74.00838676,1173,1.53
408.0,Market St & Cherry St,40.71076228,-73.99400398,1244.0,2.72,408,40.71076228,-73.99400398,1185,1.54
437.0,Macon St & Nostrand Ave,40.68098339,-73.95004798,1225.0,2.67,437,40.68098339,-73.95004798,920,1.2
3146.0,E 81 St & 3 Ave,40.77573034,-73.9567526,1223.0,2.67,3146,40.77573034,-73.9567526,912,1.19
3087.0,Metropolitan Ave & Meeker Ave,40.71413311,-73.95234386,1208.0,2.64,3087,40.71413311,-73.95234386,1127,1.47
3124.0,46 Ave & 5 St,40.74731,-73.95451,1203.0,2.63,3124,40.74731,-73.95451,812,1.06
399.0,Lafayette Ave & St James Pl,40.68851534,-73.9647628,1193.0,2.6,399,40.68851534,-73.9647628,484,0.63
3078.0,Broadway & Roebling St,40.70924826,-73.96063149,1191.0,2.6,3078,40.70924826,-73.96063149,1081,1.41
3180.0,Brooklyn Bridge Park - Pier 2,40.69878,-73.99712,1189.0,2.6,3180,40.69878,-73.99712,882,1.15
322.0,Clinton St & Tillary St,40.696191999999996,-73.991218,1181.0,2.58,322,40.696191999999996,-73.991218,838,1.09
3136.0,5 Ave & E 63 St,40.766368,-73.971518,1176.0,2.57,3136,40.766368,-73.971518,996,1.3
416.0,Cumberland St & Lafayette Ave,40.68753406,-73.97265183,1170.0,2.55,416,40.68753406,-73.97265183,723,0.94
260.0,Broad St & Bridge St,40.70365182,-74.01167797,1165.0,2.54,260,40.70365182,-74.01167797,1100,1.43
364.0,Lafayette Ave & Classon Ave,40.68900443,-73.96023854,1163.0,2.54,364,40.68900443,-73.96023854,736,0.96
3178.0,Riverside Dr & W 78 St,40.78414472,-73.98362492,1155.0,2.52,3178,40.78414472,-73.98362492,835,1.09
3109.0,Banker St & Meserole Ave,40.72606,-73.95621,1148.0,2.51,3109,40.72606,-73.95621,1075,1.4
3289.0,W 90 St & Amsterdam Ave,40.79017948,-73.97288918,1144.0,2.5,3289,40.79017948,-73.97288918,694,0.9
3085.0,Roebling St & N 4 St,40.714690000000004,-73.95739,1134.0,2.48,3085,40.714690000000004,-73.95739,954,1.24
232.0,Cadman Plaza E & Tillary St,40.69597683,-73.99014892,1129.0,2.47,232,40.69597683,-73.99014892,969,1.26
3082.0,Hope St & Union Ave,40.71167351,-73.95141312,1127.0,2.46,3082,40.71167351,-73.95141312,1041,1.35
380.0,W 4 St & 7 Ave S,40.73401143,-74.00293877,1124.0,2.45,380,40.73401143,-74.00293877,1046,1.36
471.0,Grand St & Havemeyer St,40.71286844,-73.95698119,1117.0,2.44,471,40.71286844,-73.95698119,1055,1.37
3135.0,E 75 St & 3 Ave,40.77112927,-73.95772297,1114.0,2.43,3135,40.77112927,-73.95772297,838,1.09
3116.0,Huron St & Franklin St,40.732659999999996,-73.95826,1111.0,2.43,3116,40.732659999999996,-73.95826,1033,1.34
3106.0,Driggs Ave & N Henry St,40.72325,-73.94308000000001,1107.0,2.42,3106,40.72325,-73.94308000000001,916,1.19
3115.0,India St & Manhattan Ave,40.73232194,-73.9550858,1104.0,2.41,3115,40.73232194,-73.9550858,968,1.26
3074.0,Montrose Ave & Bushwick Ave,40.70767788,-73.94016171,1102.0,2.41,3074,40.70767788,-73.94016171,961,1.25
354.0,Emerson Pl & Myrtle Ave,40.69363137,-73.96223558,1097.0,2.4,354,40.69363137,-73.96223558,944,1.23
3118.0,McGuinness Blvd & Eagle St,40.73555,-73.95284000000001,1090.0,2.38,3118,40.73555,-73.95284000000001,972,1.26
241.0,DeKalb Ave & S Portland Ave,40.68981035,-73.97493121,1084.0,2.37,241,40.68981035,-73.97493121,712,0.93
3150.0,E 85 St & York Ave,40.77536905,-73.94803392,1080.0,2.36,3150,40.77536905,-73.94803392,860,1.12
83.0,Atlantic Ave & Fort Greene Pl,40.68382604,-73.97632328,1079.0,2.36,83,40.68382604,-73.97632328,519,0.67
3131.0,E 68 St & 3 Ave,40.7671284,-73.96224618,1076.0,2.35,3131,40.7671284,-73.96224618,831,1.08
3064.0,Myrtle Ave & Lewis Ave,40.69681963,-73.93756926,1058.0,2.31,3064,40.69681963,-73.93756926,908,1.18
3101.0,N 12 St & Bedford Ave,40.72079821,-73.95484712,1043.0,2.28,3101,40.72079821,-73.95484712,929,1.21
261.0,Johnson St & Gold St,40.69474881,-73.98362464,1021.0,2.23,261,40.69474881,-73.98362464,745,0.97
3300.0,Prospect Park West & 8 St,40.66514682,-73.97637606,1011.0,2.21,3300,40.66514682,-73.97637606,248,0.32
3077.0,Stagg St & Union Ave,40.70877084,-73.95095259,1000.0,2.18,3077,40.70877084,-73.95095259,869,1.13
3126.0,44 Dr & Jackson Ave,40.74718234,-73.9432635,989.0,2.16,3126,40.74718234,-73.9432635,560,0.73
242.0,Carlton Ave & Flushing Ave,40.697787,-73.973736,988.0,2.16,242,40.697787,-73.973736,737,0.96
313.0,Washington Ave & Park Ave,40.69610226,-73.96751037,959.0,2.09,313,40.69610226,-73.96751037,820,1.07
407.0,Henry St & Poplar St,40.700469,-73.991454,957.0,2.09,407,40.700469,-73.991454,661,0.86
339.0,Avenue D & E 12 St,40.72580614,-73.97422494,947.0,2.07,339,40.72580614,-73.97422494,749,0.97
262.0,Washington Park,40.6917823,-73.97372990000001,940.0,2.05,262,40.6917823,-73.97372990000001,621,0.81
3100.0,Nassau Ave & Newell St,40.72481256,-73.94752622,936.0,2.04,3100,40.72481256,-73.94752622,849,1.1
3298.0,Warren St & Court St,40.686371,-73.99383324,926.0,2.02,3298,40.686371,-73.99383324,396,0.51
3294.0,E 91 St & Park Ave,40.7835016,-73.955327,912.0,1.99,3294,40.7835016,-73.955327,654,0.85
418.0,Front St & Gold St,40.70224,-73.982578,911.0,1.99,418,40.70224,-73.982578,776,1.01
248.0,Laight St & Hudson St,40.72185379,-74.00771779,891.0,1.95,248,40.72185379,-74.00771779,826,1.07
3231.0,E 67 St & Park Ave,40.767800799999996,-73.96592081,885.0,1.93,3231,40.767800799999996,-73.96592081,684,0.89
420.0,Clermont Ave & Lafayette Ave,40.68764484,-73.96968902,878.0,1.92,420,40.68764484,-73.96968902,403,0.52
365.0,Fulton St & Grand Ave,40.68223166,-73.9614583,876.0,1.91,365,40.68223166,-73.9614583,538,0.7
3103.0,N 11 St & Wythe Ave,40.72153267,-73.95782357,870.0,1.9,3103,40.72153267,-73.95782357,759,0.99
3152.0,3 Ave & E 71 St,40.76873687,-73.96119945,867.0,1.89,3152,40.76873687,-73.96119945,673,0.88
3304.0,6 Ave & 9 St,40.668127,-73.98377641,864.0,1.89,3304,40.668127,-73.98377641,176,0.23
3117.0,Franklin St & Dupont St,40.735640000000004,-73.95866,850.0,1.86,3117,40.735640000000004,-73.95866,781,1.02
3125.0,45 Rd & 11 St,40.74708586,-73.94977234,848.0,1.85,3125,40.74708586,-73.94977234,636,0.83
3284.0,E 88 St & Park Ave,40.7814107,-73.95595908,839.0,1.83,3284,40.7814107,-73.95595908,561,0.73
344.0,Monroe St & Bedford Ave,40.6851443,-73.95380904,830.0,1.81,344,40.6851443,-73.95380904,621,0.81
243.0,Fulton St & Rockwell Pl,40.688226,-73.979382,828.0,1.81,243,40.688226,-73.979382,951,1.24
353.0,S Portland Ave & Hanson Pl,40.68539567,-73.97431458,790.0,1.72,353,40.68539567,-73.97431458,409,0.53
120.0,Lexington Ave & Classon Ave,40.68676793,-73.95928168,786.0,1.72,120,40.68676793,-73.95928168,506,0.66
343.0,Clinton Ave & Flushing Ave,40.69794,-73.96986848,786.0,1.72,343,40.69794,-73.96986848,731,0.95
82.0,St James Pl & Pearl St,40.71117416,-74.00016545,771.0,1.68,82,40.71117416,-74.00016545,728,0.95
275.0,Washington Ave & Greene Ave,40.68650065,-73.96563307,762.0,1.66,275,40.68650065,-73.96563307,417,0.54
3102.0,Driggs Ave & Lorimer St,40.72179134,-73.95041540000001,755.0,1.65,3102,40.72179134,-73.95041540000001,623,0.81
3296.0,E 93 St & 2 Ave,40.78245418,-73.94891962,737.0,1.61,3296,40.78245418,-73.94891962,372,0.48
3105.0,N 15 St & Wythe Ave,40.724055,-73.955736,732.0,1.6,3105,40.724055,-73.955736,656,0.85
3081.0,Graham Ave & Grand St,40.711863,-73.944024,729.0,1.59,3081,40.711863,-73.944024,591,0.77
216.0,Columbia Heights & Cranberry St,40.70037867,-73.99548059,721.0,1.57,216,40.70037867,-73.99548059,478,0.62
2022.0,E 60 St & York Ave,40.759107,-73.959223,701.0,1.53,2022,40.759107,-73.959223,584,0.76
3076.0,Scholes St & Manhattan Ave,40.70870368,-73.9448625,700.0,1.53,3076,40.70870368,-73.9448625,605,0.79
400.0,Pitt St & Stanton St,40.71926081,-73.98178024,695.0,1.52,400,40.71926081,-73.98178024,627,0.82
341.0,Stanton St & Mangin St,40.71782143,-73.97628939,679.0,1.48,341,40.71782143,-73.97628939,641,0.83
3083.0,Bushwick Ave & Powers St,40.71247661,-73.94100005,673.0,1.47,3083,40.71247661,-73.94100005,551,0.72
238.0,Bank St & Washington St,40.7361967,-74.00859207,669.0,1.46,238,40.7361967,-74.00859207,618,0.8
3080.0,S 4 St & Rodney St,40.709340000000005,-73.95608,664.0,1.45,3080,40.709340000000005,-73.95608,585,0.76
396.0,Lefferts Pl & Franklin Ave,40.68034242,-73.95576894,635.0,1.39,396,40.68034242,-73.95576894,322,0.42
409.0,DeKalb Ave & Skillman St,40.6906495,-73.95643107,633.0,1.38,409,40.6906495,-73.95643107,450,0.59
3303.0,Butler St & Court St,40.6849894,-73.99440329,623.0,1.36,3303,40.6849894,-73.99440329,294,0.38
419.0,Carlton Ave & Park Ave,40.69580705,-73.97355569,616.0,1.34,419,40.69580705,-73.97355569,483,0.63
397.0,Fulton St & Clermont Ave,40.68415748,-73.96922273,609.0,1.33,397,40.68415748,-73.96922273,305,0.4
289.0,Monroe St & Classon Ave,40.684568299999995,-73.95881081,600.0,1.31,289,40.684568299999995,-73.95881081,284,0.37
3297.0,6 St & 7 Ave,40.668662700000006,-73.97988067,594.0,1.3,3297,40.668662700000006,-73.97988067,134,0.17
278.0,Concord St & Bridge St,40.69766564,-73.98476437,590.0,1.29,278,40.69766564,-73.98476437,485,0.63
372.0,Franklin Ave & Myrtle Ave,40.69454609,-73.95801365,577.0,1.26,372,40.69454609,-73.95801365,495,0.64
245.0,Myrtle Ave & St Edwards St,40.69327018,-73.97703874,566.0,1.24,245,40.69327018,-73.97703874,440,0.57
3094.0,Graham Ave & Withers St,40.7169811,-73.94485918,565.0,1.23,3094,40.7169811,-73.94485918,475,0.62
144.0,Nassau St & Navy St,40.69839895,-73.98068914,565.0,1.23,144,40.69839895,-73.98068914,566,0.74
3157.0,East End Ave & E 86 St,40.77518615,-73.94446054,555.0,1.21,3157,40.77518615,-73.94446054,425,0.55
3241.0,Monroe St & Tompkins Ave,40.686203000000006,-73.944694,552.0,1.21,3241,40.686203000000006,-73.944694,442,0.57
3050.0,Putnam Ave & Throop Ave,40.6851532,-73.94111,533.0,1.16,3050,40.6851532,-73.94111,406,0.53
3049.0,Cambridge Pl & Gates Ave,40.68488,-73.96304,527.0,1.15,3049,40.68488,-73.96304,330,0.43
3068.0,Humboldt St & Varet St,40.7031724,-73.940636,525.0,1.15,3068,40.7031724,-73.940636,500,0.65
280.0,E 10 St & 5 Ave,40.73331967,-73.99510132,523.0,1.14,280,40.73331967,-73.99510132,509,0.66
3047.0,Halsey St & Tompkins Ave,40.682368700000005,-73.944118,521.0,1.14,3047,40.682368700000005,-73.944118,446,0.58
436.0,Hancock St & Bedford Ave,40.68216564,-73.95399026,510.0,1.11,436,40.68216564,-73.95399026,301,0.39
3144.0,E 81 St & Park Ave,40.77677702,-73.95900970000001,509.0,1.11,3144,40.77677702,-73.95900970000001,398,0.52
3062.0,Myrtle Ave & Marcy Ave,40.69539817,-73.94954908,506.0,1.1,3062,40.69539817,-73.94954908,477,0.62
3067.0,Broadway & Whipple St,40.7016657,-73.9437303,502.0,1.1,3067,40.7016657,-73.9437303,468,0.61
3052.0,Lewis Ave & Madison St,40.686312,-73.935775,487.0,1.06,3052,40.686312,-73.935775,430,0.56
3249.0,Verona Pl & Fulton St,40.68035608,-73.9476791,485.0,1.06,3249,40.68035608,-73.9476791,365,0.47
421.0,Clermont Ave & Park Ave,40.69573398,-73.97129668,482.0,1.05,421,40.69573398,-73.97129668,349,0.45
3130.0,21 St & Queens Plaza North,40.75325964,-73.94335788,480.0,1.05,3130,40.75325964,-73.94335788,158,0.21
3120.0,Center Blvd & Borden Ave,40.741609999999994,-73.96044,472.0,1.03,3120,40.741609999999994,-73.96044,332,0.43
3073.0,Division Ave & Hooper St,40.70691254,-73.95441667,458.0,1.0,3073,40.70691254,-73.95441667,383,0.5
3057.0,Kosciuszko St & Tompkins Ave,40.69128258,-73.9452416,448.0,0.98,3057,40.69128258,-73.9452416,390,0.51
3095.0,Graham Ave & Herbert St,40.71929301,-73.94500379,443.0,0.97,3095,40.71929301,-73.94500379,405,0.53
3302.0,Columbus Ave & W 103 St,40.7969347,-73.96434123,437.0,0.95,3302,40.7969347,-73.96434123,116,0.15
3088.0,Union Ave & Jackson St,40.7160751,-73.95202900000001,435.0,0.95,3088,40.7160751,-73.95202900000001,417,0.54
373.0,Willoughby Ave & Walworth St,40.69331716,-73.95381995,421.0,0.92,373,40.69331716,-73.95381995,368,0.48
3054.0,Greene Ave & Throop Ave,40.6894932,-73.942061,416.0,0.91,3054,40.6894932,-73.942061,351,0.46
3046.0,Marcus Garvey Blvd & Macon St,40.682601,-73.938037,415.0,0.91,3046,40.682601,-73.938037,361,0.47
3042.0,Fulton St & Utica Ave,40.6794268,-73.92989109999999,415.0,0.91,3042,40.6794268,-73.92989109999999,334,0.43
2001.0,Sands St & Navy St,40.699773,-73.979927,412.0,0.9,2001,40.699773,-73.979927,384,0.5
443.0,Bedford Ave & S 9 St,40.70853074,-73.96408963,410.0,0.9,443,40.70853074,-73.96408963,252,0.33
3071.0,Boerum St & Broadway,40.70538077,-73.94976519,409.0,0.89,3071,40.70538077,-73.94976519,366,0.48
3306.0,10 St & 7 Ave,40.666207799999995,-73.98199886,397.0,0.87,3306,40.666207799999995,-73.98199886,156,0.2
3121.0,Jackson Ave & 46 Rd,40.74524768,-73.94733276,389.0,0.85,3121,40.74524768,-73.94733276,256,0.33
3066.0,Tompkins Ave & Hopkins St,40.69957608,-73.94708417,387.0,0.84,3066,40.69957608,-73.94708417,377,0.49
345.0,W 13 St & 6 Ave,40.73649403,-73.99704374,386.0,0.84,345,40.73649403,-73.99704374,353,0.46
3056.0,Kosciuszko St & Nostrand Ave,40.69072549,-73.95133465,385.0,0.84,3056,40.69072549,-73.95133465,316,0.41
3055.0,Greene Ave & Nostrand Ave,40.68833370000001,-73.950916,373.0,0.81,3055,40.68833370000001,-73.950916,258,0.34
3060.0,Willoughby Ave & Tompkins Ave,40.69425403,-73.94626915,371.0,0.81,3060,40.69425403,-73.94626915,330,0.43
3058.0,Lewis Ave & Kosciuszko St,40.69237074,-73.93705428,367.0,0.8,3058,40.69237074,-73.93705428,272,0.35
3048.0,Putnam Ave & Nostrand Ave,40.684020000000004,-73.94977,352.0,0.77,3048,40.684020000000004,-73.94977,281,0.37
3041.0,Kingston Ave & Herkimer St,40.67890679,-73.94142771,345.0,0.75,3041,40.67890679,-73.94142771,213,0.28
152.0,Warren St & Church St,40.71473993,-74.00910627,339.0,0.74,152,40.71473993,-74.00910627,326,0.42
3091.0,Frost St & Meeker St,40.71764,-73.94882,334.0,0.73,3091,40.71764,-73.94882,284,0.37
3069.0,Lorimer St & Broadway,40.70411791,-73.94818595,334.0,0.73,3069,40.70411791,-73.94818595,316,0.41
3122.0,48 Ave & 5 St,40.74436329,-73.95587325,334.0,0.73,3122,40.74436329,-73.95587325,253,0.33
3063.0,Nostrand Ave & Myrtle Ave,40.69527008,-73.95238108,301.0,0.66,3063,40.69527008,-73.95238108,262,0.34
3123.0,31 St & Thomson Ave,40.74469738,-73.93540375,294.0,0.64,3123,40.74469738,-73.93540375,193,0.25
3072.0,Leonard St & Boerum St,40.70583339,-73.94644578,292.0,0.64,3072,40.70583339,-73.94644578,219,0.28
3179.0,Park Ave & Marcus Garvey Blvd,40.698617,-73.941342,288.0,0.63,3179,40.698617,-73.941342,253,0.33
3288.0,E 88 St & 1 Ave,40.778301,-73.9488134,284.0,0.62,3288,40.778301,-73.9488134,208,0.27
3070.0,McKibbin St & Manhattan Ave,40.70510918,-73.94407279,279.0,0.61,3070,40.70510918,-73.94407279,259,0.34
3128.0,21 St & 43 Ave,40.75052534,-73.94594845,259.0,0.57,3128,40.75052534,-73.94594845,137,0.18
3127.0,9 St & 44 Rd,40.74966,-73.9521,254.0,0.55,3127,40.74966,-73.9521,139,0.18
3221.0,47 Ave & 31 St,40.743,-73.93561,253.0,0.55,3221,40.743,-73.93561,175,0.23
3059.0,Pulaski St & Marcus Garvey Blvd,40.693398200000004,-73.939877,245.0,0.53,3059,40.693398200000004,-73.939877,214,0.28
3065.0,Union Ave & Wallabout St,40.70029511,-73.95032283,245.0,0.53,3065,40.70029511,-73.95032283,246,0.32
3053.0,Marcy Ave & Lafayette Ave,40.6900815,-73.94791500000001,242.0,0.53,3053,40.6900815,-73.94791500000001,172,0.22
3075.0,Division Ave & Marcy Ave,40.70708701,-73.95796783,221.0,0.48,3075,40.70708701,-73.95796783,184,0.24
119.0,Park Ave & St Edwards St,40.69608941,-73.97803415,221.0,0.48,119,40.69608941,-73.97803415,216,0.28
253.0,W 13 St & 5 Ave,40.73543934,-73.99453948,207.0,0.45,253,40.73543934,-73.99453948,198,0.26
3061.0,Throop Ave & Myrtle Ave,40.69622937,-73.94371094,185.0,0.4,3061,40.69622937,-73.94371094,156,0.2
3299.0,E 98 St & Park Ave,40.788129999999995,-73.95206,183.0,0.4,3299,40.788129999999995,-73.95206,65,0.08
3043.0,Lewis Ave & Decatur St,40.6814598,-73.934903,181.0,0.4,3043,40.6814598,-73.934903,123,0.16
3044.0,Albany Ave & Fulton St,40.6800105,-73.938475,160.0,0.35,3044,40.6800105,-73.938475,110,0.14
2005.0,Railroad Ave & Kay Ave,40.70531194,-73.97100056,108.0,0.24,2005,40.70531194,-73.97100056,124,0.16
223.0,W 13 St & 7 Ave,40.73781509,-73.99994661,86.0,0.19,223,40.73781509,-73.99994661,104,0.14
3239.0,Bressler,40.64653837,-74.01658773,33.0,0.07,3239,40.64653837,-74.01658773,33,0.04
3254.0,Soissons Landing,40.69231661,-74.01486576,6.0,0.01,3254,40.69231661,-74.01486576,8,0.01
3182.0,Yankee Ferry Terminal,40.686931,-74.016966,3.0,0.01,3182,40.686931,-74.016966,3,0.0
3245.0,NYCBS DEPOT - DELANCEY,40.71644423,-73.98233056,1.0,0.0,3245,40.71644423,-73.98233056,36,0.05
,W 16 St & 8 Ave,,,,,3660,40.74102151,-74.00138497,5383,7.0
,Broadway & W 25 St,,,,,3641,40.74286877,-73.98918629,5217,6.78
,Grand St & Elizabeth St,,,,,3435,40.718821999999996,-73.99596,4582,5.96
,W 52 St & 6 Ave,,,,,3443,40.76132983,-73.97982001,4007,5.21
,Lafayette St & Jersey St,,,,,3427,40.72430527,-73.99600983,3938,5.12
,E 12 St & Avenue B,,,,,3632,40.72804857,-73.9788115,3014,3.92
,W 55 St & 6 Ave,,,,,3458,40.76309387,-73.97835016,2901,3.77
,E 16 St & Irving Pl,,,,,3463,40.73536706,-73.98797393,2677,3.48
,6 Ave & Spring St,,,,,3474,40.725255700000005,-74.00412083,2627,3.42
,North Moore St & Greenwich St,,,,,3664,40.72019521,-74.01030064,2562,3.33
,E 2 St & Avenue A,,,,,3656,40.72307749,-73.98583621,2542,3.31
,W 15 St & 10 Ave,,,,,3472,40.74275383,-74.00747359,2505,3.26
,W 36 St & 9 Ave,,,,,3635,40.75462324,-73.99516761,2410,3.13
,W 45 St & 6 Ave (OLD),,,,,3466,40.75668721,-73.98257732,2382,3.1
,Murray St & Greenwich St,,,,,3461,40.71485151,-74.01122332,2242,2.92
,W 17 St & 9 Ave,,,,,3659,40.74294892,-74.00413692,2070,2.69
,E 35 St & 3 Ave,,,,,3431,40.746524,-73.977885,2066,2.69
,Hanson Pl & Ashland Pl,,,,,3429,40.68506807,-73.9779076,2020,2.63
,W 18 St & 9 Ave,,,,,3658,40.74353373,-74.00367558,1874,2.44
,Jay St & York St,,,,,3674,40.70140317,-73.9867267,1811,2.36
,Central Park North & Adam Clayton Powell Blvd,,,,,3374,40.799484,-73.955613,1788,2.33
,E 53 St & 3 Ave,,,,,3459,40.75763228,-73.96930575,1737,2.26
,Amsterdam Ave & W 79 St,,,,,3360,40.7829391,-73.9786517,1727,2.25
,E 74 St & 1 Ave,,,,,3372,40.7689738,-73.95482273,1338,1.74
,Fulton St & Adams St,,,,,3440,40.69241829,-73.98949474,1311,1.7
,E 44 St & 2 Ave,,,,,3462,40.75118387,-73.97138715,1239,1.61
,E 71 St & 1 Ave,,,,,3447,40.76703432,-73.9562273,1224,1.59
,Madison Ave & E 82 St,,,,,3362,40.7781314,-73.96069399,1179,1.53
,E 58 St & Madison Ave,,,,,3457,40.76302594,-73.97209525,1170,1.52
,Court St & State St,,,,,3402,40.6902375,-73.99203074,1152,1.5
,Amsterdam Ave & W 66 St,,,,,3356,40.7746671,-73.98470567,1099,1.43
,E 76 St & Park Ave,,,,,3378,40.773763,-73.96222088,1063,1.38
,W 95 St & Broadway,,,,,3314,40.7937704,-73.971888,1034,1.34
,E 41 St & 5 Ave,,,,,3643,40.75272201,-73.98123622,976,1.27
,Gold St & Frankfort St,,,,,3489,40.71069995,-74.00354147,971,1.26
,Central Park West & W 100 St,,,,,3320,40.79406661,-73.96286845,965,1.25
,W 100 St & Broadway,,,,,3350,40.797372100000004,-73.97041192,867,1.13
,E 97 St & Madison Ave,,,,,3336,40.787801,-73.953559,863,1.12
,Leonard St & Nassau Ave,,,,,3668,40.72395678,-73.94984365,853,1.11
,W 88 St & West End Ave,,,,,3434,40.79025417,-73.9771834,852,1.11
,Richardson St & N Henry St,,,,,3430,40.71907891,-73.94223690000001,839,1.09
,Devoe St & Lorimer St,,,,,3453,40.71335226,-73.94910336,825,1.07
,E 65 St & 2 Ave,,,,,3376,40.76471852,-73.9622207,816,1.06
,Bergen St & Smith St,,,,,3409,40.686744299999994,-73.99063168,815,1.06
,Flushing Ave & Vanderbilt Ave,,,,,3648,40.69795032,-73.9707756,803,1.04
,5 Ave & E 103 St,,,,,3367,40.792255299999994,-73.95249933,799,1.04
,E 81 St & 2 Ave,,,,,3671,40.77477945,-73.95427465,745,0.97
,E 76 St & 3 Ave,,,,,3438,40.77224854,-73.95842135,737,0.96
,West End Ave & W 94 St,,,,,3307,40.7941654,-73.974124,725,0.94
,Henry St & Degraw St,,,,,3315,40.684751399999996,-73.99917254,706,0.92
,E 78 St & 2 Ave,,,,,3370,40.7727966,-73.95577801,703,0.91
,E 68 St & Madison Ave,,,,,3359,40.7691572,-73.96703464,701,0.91
,W 106 St & Central Park West,,,,,3323,40.798185600000004,-73.96059090000001,680,0.88
,Lenox Ave & W 111 St,,,,,3521,40.7987859,-73.9523,679,0.88
,Schermerhorn St & Bond St,,,,,3486,40.68841743,-73.98451656,676,0.88
,E 82 St & East End Ave,,,,,3369,40.7724607,-73.9468208,668,0.87
,E 66 St & Madison Ave,,,,,3355,40.76800889,-73.96845281,643,0.84
,3 Ave & E 72 St,,,,,3375,40.7699426,-73.96060712,639,0.83
,Riverside Dr & W 104 St,,,,,3331,40.8013434,-73.97114574,621,0.81
,Fulton St & Waverly Ave,,,,,3637,40.68323865,-73.96599591,595,0.77
,Grand Army Plaza & Plaza St West,,,,,3349,40.6729679,-73.97087984,582,0.76
,1 Ave & E 94 St,,,,,3312,40.78172120000001,-73.94594000000001,574,0.75
,Bayard St & Leonard St,,,,,3452,40.71915572,-73.94885391,574,0.75
,Riverside Dr & W 91 St,,,,,3437,40.79313481,-73.97700369,554,0.72
,Cathedral Pkwy & Broadway,,,,,3383,40.804213,-73.96699104,546,0.71
,Frederick Douglass Blvd & W 117 St,,,,,3534,40.805159,-73.95469200000001,518,0.67
,Kane St & Clinton St,,,,,3308,40.686175799999994,-73.99645295,511,0.66
,Columbia St & Kane St,,,,,3311,40.68763155,-74.0016256,503,0.65
,E 43 St & 5 Ave,,,,,3680,40.75412081,-73.98025185,497,0.65
,Leonard St & Maujer St,,,,,3454,40.71036854,-73.94705951,494,0.64
,Plaza St West & Flatbush Ave,,,,,3418,40.675020700000005,-73.97111473,493,0.64
,W 106 St & Amsterdam Ave,,,,,3357,40.80083629999999,-73.96644925,483,0.63
,Frederick Douglass Blvd & W 112 St,,,,,3553,40.801694,-73.957145,482,0.63
,Bergen St & Vanderbilt Ave,,,,,3558,40.6794388,-73.96804379999999,480,0.62
,Central Park West & W 102 St,,,,,3341,40.795346,-73.96186,474,0.62
,Columbia St & Degraw St,,,,,3422,40.6859296,-74.00242364,461,0.6
,Congress St & Clinton St,,,,,3408,40.6881529,-73.99520919,457,0.59
,West Drive & Prospect Park West,,,,,3423,40.66106337,-73.97945255,455,0.59
,Franklin Ave & St Marks Ave,,,,,3569,40.6758324,-73.95616770000001,454,0.59
,West End Ave & W 107 St,,,,,3366,40.8021174,-73.96818053,436,0.57
,Center Blvd & 48 Ave,,,,,3613,40.745038,-73.957539,432,0.56
,Park Pl & Vanderbilt Ave,,,,,3576,40.6767,-73.969024,432,0.56
,44 Dr & 21 St,,,,,3615,40.748000000000005,-73.94609270000001,431,0.56
,W 104 St & Amsterdam Ave - 1,,,,,3316,40.798993700000004,-73.96621738,427,0.56
,Douglass St & 3 Ave,,,,,3420,40.6802133,-73.98432695,421,0.55
,W 100 St & Manhattan Ave,,,,,3328,40.795,-73.9645,421,0.55
,India St & West St,,,,,3469,40.73181402,-73.95995021,421,0.55
,Union St & 4 Ave,,,,,3335,40.6772744,-73.98282002,413,0.54
,Dean St & Hoyt St,,,,,3410,40.686444200000004,-73.98759104,413,0.54
,Baltic St & 5 Ave,,,,,3417,40.6795766,-73.97854971,410,0.53
,W 116 St & Amsterdam Ave,,,,,3539,40.8067581,-73.9607082,408,0.53
,Eckford St & Engert Ave,,,,,3449,40.72146256,-73.94800901,408,0.53
,E 102 St & 1 Ave,,,,,3351,40.7869946,-73.94164802,400,0.52
,2 Ave & E 96 St,,,,,3318,40.7839636,-73.94716729999999,399,0.52
,Carroll St & Smith St,,,,,3382,40.680611,-73.99475825,399,0.52
,Broadway & Moylan Pl,,,,,3547,40.8143256,-73.9590255,393,0.51
,Berkeley Pl & 7 Ave,,,,,3346,40.67514684,-73.97523209,391,0.51
,Schermerhorn St & 3 Ave,,,,,3455,40.68680821,-73.98036182,390,0.51
,Douglass St & 4 Ave,,,,,3419,40.67927879999999,-73.98154004,384,0.5
,Eastern Pkwy & Washington Ave,,,,,3583,40.6716493,-73.9631145,377,0.49
,Carroll St & Bond St,,,,,3377,40.6786115,-73.99037292,375,0.49
,Clinton St & Union St,,,,,3321,40.683116399999996,-73.99785267,371,0.48
,5 Ave & 3 St,,,,,3368,40.672815500000006,-73.98352355,362,0.47
,Madison Ave & E 99 St,,,,,3345,40.78948542,-73.95242929,359,0.47
,Bergen St & Flatbush Ave,,,,,3414,40.68094472,-73.97567332,358,0.47
,Carlton Ave & Dean St,,,,,3537,40.68097410000001,-73.97100970000001,348,0.45
,Vernon Blvd & 47 Rd,,,,,3611,40.7449067,-73.9534573,344,0.45
,Carroll St & 6 Ave,,,,,3361,40.6740886,-73.9787282,336,0.44
,Carroll St & 5 Ave,,,,,3364,40.6751622,-73.9814832,335,0.44
,Underhill Ave & Lincoln Pl,,,,,3581,40.674012299999994,-73.9671457,334,0.43
,W 113 St & Broadway,,,,,3552,40.805973,-73.964928,332,0.43
,Grand Ave & Bergen St,,,,,3549,40.678045000000004,-73.962408,330,0.43
,W 110 St & Amsterdam Ave,,,,,3538,40.802692,-73.96295,328,0.43
,Pacific St & Nevins St,,,,,3412,40.6853761,-73.98302136,321,0.42
,3 St & Prospect Park West,,,,,3354,40.668132,-73.97363831,320,0.42
,Bond St & Bergen St,,,,,3411,40.6849668,-73.98620772,316,0.41
,Park Ave & E 124 St,,,,,3507,40.8045555,-73.93968609999999,312,0.41
,Wyckoff St & 3 Ave,,,,,3413,40.6827549,-73.98258555,306,0.4
,Carroll St & Columbia St,,,,,3389,40.6830456,-74.00348559,304,0.4
,President St & Henry St,,,,,3388,40.6828003,-73.99990419,303,0.39
,3 St & 7 Ave,,,,,3365,40.67038370000001,-73.97839676,301,0.39
,Union St & Nevins St,,,,,3407,40.679097999999996,-73.98765475,299,0.39
,1 Pl & Clinton St,,,,,3386,40.6809591,-73.99905709,295,0.38
,W 116 St & Broadway,,,,,3536,40.8082,-73.9641,292,0.38
,St Johns Pl & Washington Ave,,,,,3580,40.6737236,-73.9631611,288,0.37
,Underhill Ave & Pacific St,,,,,3544,40.6804836,-73.9646795,285,0.37
,E 110 St & Madison Ave,,,,,3400,40.796153499999996,-73.94782145,283,0.37
,10 Hudson Yards,,,,,3441,40.752957,-74.00264,282,0.37
,Berkeley Pl & 6 Ave,,,,,3339,40.6765304,-73.97846879,279,0.36
,Degraw St & Smith St,,,,,3329,40.6829151,-73.99318208,267,0.35
,Clinton St & 4 Place,,,,,3396,40.6783563,-74.00014502,265,0.34
,Bedford Ave & Bergen St,,,,,3571,40.676368,-73.95291800000001,260,0.34
,3 St & 3 Ave,,,,,3373,40.675070500000004,-73.98775226,260,0.34
,W 107 St & Columbus Ave,,,,,3343,40.7997568,-73.96211287,258,0.34
,Prospect Pl & 6 Ave,,,,,3415,40.6793307,-73.97519523,251,0.33
,Degraw St & Hoyt St,,,,,3332,40.68199044,-73.99079025,247,0.32
,Sterling Pl & 7 Ave,,,,,3663,40.67716489,-73.97382796,240,0.31
,Court St & Nelson St,,,,,3397,40.6763947,-73.99869893,236,0.31
,2 Ave & E 104 St,,,,,3425,40.789210499999996,-73.94370784,236,0.31
,Van Brunt St & Wolcott St,,,,,3347,40.6773429,-74.01275056,234,0.3
,E 95 St & 3 Ave,,,,,3325,40.7849032,-73.950503,229,0.3
,Eastern Pkwy & Franklin Ave,,,,,3584,40.670776700000005,-73.9576801,228,0.3
,Prospect Pl & Underhill Ave,,,,,3574,40.6769694,-73.96579,223,0.29
,Pleasant Ave & E 116 St,,,,,3497,40.794987899999995,-73.9333349,222,0.29
,4 Ave & 9 St,,,,,3403,40.6705135,-73.98876585,221,0.29
,Classon Ave & St Marks Ave,,,,,3562,40.676519799999994,-73.9596082,221,0.29
,Franklin Ave & Empire Blvd,,,,,3599,40.663140000000006,-73.96056949999999,218,0.28
,Pioneer St & Van Brunt St,,,,,3344,40.679043,-74.011169,215,0.28
,1 Ave & E 110 St,,,,,3496,40.7923272,-73.9383,215,0.28
,Garfield Pl & 8 Ave,,,,,3358,40.671197799999995,-73.97484126,210,0.27
,E 97 St & 3 Ave,,,,,3309,40.7859201,-73.94860294,208,0.27
,Van Dyke St & Van Brunt St,,,,,3644,40.67581623,-74.01488185,207,0.27
,14 St & 7 Ave,,,,,3310,40.663779,-73.98396846,199,0.26
,24 St & 41 Ave,,,,,3556,40.752708500000004,-73.9397405,199,0.26
,Amsterdam Ave & W 119 St,,,,,3542,40.8086249,-73.9596214,195,0.25
,3 Ave & 14 St,,,,,3324,40.6685455,-73.99333264,194,0.25
,7 St & 5 Ave,,,,,3404,40.670492200000005,-73.98541675,193,0.25
,Jackson St & Leonard St,,,,,3456,40.71638032,-73.94821286,190,0.25
,14 St & 5 Ave,,,,,3319,40.666287,-73.98895053,185,0.24
,Hoyt St & Warren St,,,,,3421,40.6843549,-73.98901629,184,0.24
,Smith St & 9 St,,,,,3398,40.67469570000001,-73.99785768,184,0.24
,Amsterdam Ave & W 125 St,,,,,3541,40.813358,-73.956461,182,0.24
,27 St & Hunter St,,,,,3618,40.7485,-73.941275,182,0.24
,5 St & 6 Ave,,,,,3405,40.670483600000004,-73.98208968,179,0.23
,Smith St & 3 St,,,,,3384,40.678724200000005,-73.99599099,179,0.23
,St Nicholas Ave & Manhattan Ave,,,,,3508,40.809725,-73.953149,175,0.23
,49 Ave & 21 St,,,,,3606,40.74252,-73.948852,170,0.22
,Coffey St & Conover St,,,,,3348,40.677236,-74.015665,167,0.22
,5 St & 51 Ave,,,,,3608,40.7423737,-73.9566,166,0.22
,E 102 St & Park Ave,,,,,3363,40.7904828,-73.95033068,164,0.21
,E 103 St & Lexington Ave,,,,,3379,40.790305100000005,-73.94755757,162,0.21
,3 Ave & E 100 St,,,,,3327,40.787721399999995,-73.94728331,160,0.21
,Lenox Ave & W 126 St,,,,,3518,40.808442,-73.94520870000001,157,0.2
,W 120 St & Claremont Ave,,,,,3623,40.8109494,-73.9634,155,0.2
,4 Ave & 2 St,,,,,3371,40.67461342,-73.98501143,153,0.2
,Sterling Pl & Bedford Ave,,,,,3579,40.672695000000004,-73.954131,153,0.2
,Park Pl & Franklin Ave,,,,,3578,40.67418060000001,-73.95649470000001,152,0.2
,2 Ave & 36 St - Citi Bike HQ at Industry City,,,,,3478,40.65708867,-74.00870204,152,0.2
,E 109 St & 3 Ave,,,,,3390,40.79329668,-73.9432083,150,0.2
,Pacific St & Classon Ave,,,,,3546,40.67919439999999,-73.95879029999999,145,0.19
,Lenox Ave & W 130 St,,,,,3529,40.8107922,-73.9430681,145,0.19
,Lenox Ave & W 115 St,,,,,3509,40.8011939,-73.9500739,144,0.19
,31 St & Broadway,,,,,3593,40.761584,-73.925921,140,0.18
,Carroll St & Washington Ave,,,,,3587,40.6686744,-73.9618148,139,0.18
,Adam Clayton Powell Blvd & W 123 St,,,,,3510,40.8078316,-73.949373,134,0.17
,Broadway & W 122 St,,,,,3545,40.8120562,-73.9612547,132,0.17
,St. Nicholas Ave & W 126 St,,,,,3533,40.8114323,-73.95187759999999,131,0.17
,31 Ave & 34 St,,,,,3602,40.763154,-73.920827,129,0.17
,10 St & 5 Ave,,,,,3317,40.6686273,-73.98700053,125,0.16
,28 St & 36 Ave,,,,,3563,40.757186,-73.93271899999999,124,0.16
,Commerce St & Van Brunt St,,,,,3392,40.681211700000006,-74.00860912,123,0.16
,3 St & Hoyt St,,,,,3381,40.6777287,-73.99364123,123,0.16
,28 St & 41 Ave,,,,,3555,40.751047,-73.93796999999999,123,0.16
,36 Ave & 10 St,,,,,3565,40.7614376,-73.9411265,121,0.16
,6 Ave & 12 St,,,,,3313,40.666318100000005,-73.9854617,121,0.16
,12 St & 4 Ave,,,,,3322,40.668603000000004,-73.99043940000001,120,0.16
,E 106 St & Madison Ave,,,,,3387,40.79343370000001,-73.94945003,120,0.16
,Frederick Douglass Blvd & W 129 St,,,,,3531,40.8125511,-73.9492286,119,0.15
,E 106 St & Lexington Ave,,,,,3424,40.791976,-73.945993,118,0.15
,Lincoln Pl & Classon Ave,,,,,3582,40.672168299999996,-73.9609,118,0.15
,Vernon Blvd & 10 St,,,,,3588,40.7671863,-73.9373554,117,0.15
,Crescent St & Broadway,,,,,3592,40.7633589,-73.92864709999999,116,0.15
,E 106 St & 1 Ave,,,,,3391,40.7892529,-73.93956237,116,0.15
,2 Ave & E 99 St,,,,,3338,40.786258600000004,-73.94552579,112,0.15
,Crescent St & 35 Ave,,,,,3566,40.7596276,-73.93214549999999,110,0.14
,34 Ave & 38 St,,,,,3572,40.756913,-73.921631,110,0.14
,7 St & 3 Ave,,,,,3399,40.67260298,-73.98983002,108,0.14
,28 St & 38 Ave,,,,,3560,40.754876,-73.934326,104,0.14
,31 Ave & 30 St,,,,,3603,40.7647,-73.9240312,102,0.13
,Mt Morris Park W & W 120 St,,,,,3535,40.804038,-73.945925,100,0.13
,Adam Clayton Powell Blvd & W 118 St,,,,,3520,40.804372,-73.951475,100,0.13
,31 St & Northern Blvd,,,,,3654,40.75186951,-73.9334929,100,0.13
,Vernon Blvd & 41 Rd,,,,,3554,40.7552433,-73.94856779999999,99,0.13
,E 118 St & 1 Ave,,,,,3491,40.797470000000004,-73.93504,97,0.13
,Adam Clayton Powell Blvd & W 115 St,,,,,3511,40.802535,-73.9532423,94,0.12
,48 Ave & 30 Pl,,,,,3647,40.74128309,-73.93725872,91,0.12
,35 Ave & 37 St,,,,,3570,40.7557327,-73.92366109999999,89,0.12
,34 Ave & 21 St,,,,,3577,40.762813799999996,-73.9342862,87,0.11
,E 115 St & Lexington Ave,,,,,3494,40.797911,-73.9423,87,0.11
,E 114 St & 1 Ave,,,,,3495,40.79456629999999,-73.9362541,85,0.11
,Vernon Blvd & 31 Ave,,,,,3609,40.7692475,-73.93545040000001,83,0.11
,35 Ave & 10 St,,,,,3646,40.76315482,-73.9398551,82,0.11
,2 Ave & 9 St,,,,,3401,40.6724811,-73.99331394,81,0.11
,Adam Clayton Powell Blvd & W 126 St,,,,,3629,40.80949535,-73.94776493,80,0.1
,Richards St & Delavan St,,,,,3393,40.67943270000001,-74.00785041,80,0.1
,Morningside Ave & W 123 St,,,,,3540,40.81,-73.9551508,77,0.1
,Rogers Ave & Sterling St,,,,,3604,40.6630619,-73.95387459999999,77,0.1
,43 St & Broadway,,,,,3597,40.7577284,-73.9166368,77,0.1
,Crescent St & 30 Ave,,,,,3614,40.768692,-73.9249574,77,0.1
,28 St & 40 Ave,,,,,3625,40.752575799999995,-73.9364281,76,0.1
,Union St & Bedford Ave,,,,,3585,40.6691783,-73.9554162,74,0.1
,Dwight St & Van Dyke St,,,,,3337,40.67363551,-74.01195556,73,0.09
,31 Ave & Crescent St,,,,,3605,40.765834600000005,-73.9265474,71,0.09
,34 St & 35 Ave,,,,,3568,40.756933200000006,-73.92622309999999,70,0.09
,Sterling St & Bedford Ave,,,,,3601,40.6627059,-73.9569115,69,0.09
,31 St & 23 Ave,,,,,3526,40.7747878,-73.91255509999999,68,0.09
,Pioneer St & Richards St,,,,,3342,40.677774799999995,-74.0094613,68,0.09
,Crescent St & 34 Ave,,,,,3575,40.76108,-73.930562,66,0.09
,35 St & 34 Ave,,,,,3573,40.7580583,-73.92427509999999,65,0.08
,Dean St & Franklin Ave,,,,,3673,40.67759207,-73.95563722,64,0.08
,E 115 St & Madison Ave,,,,,3500,40.7989445,-73.944846,62,0.08
,NYCBS Depot - STY - Garage 4,,,,,3468,40.730380100000005,-73.9747502,62,0.08
,Broadway & 12 St,,,,,3589,40.7668,-73.93477740000002,62,0.08
,Steinway St & 28 Ave,,,,,3616,40.7656251,-73.9136695,61,0.08
,Carroll St & Franklin Ave,,,,,3590,40.6679411,-73.9588,61,0.08
,Morningside Dr & Amsterdam Ave,,,,,3543,40.81028506,-73.95736456,61,0.08
,E 116 St & 2 Ave,,,,,3490,40.796879,-73.93726099999999,60,0.08
,21 St & 31 Dr,,,,,3591,40.7659,-73.930819,59,0.08
,37 Ave & 35 St,,,,,3561,40.7531106,-73.9279917,57,0.07
,W 129 St & Convent Ave,,,,,3649,40.81439444,-73.95324737,57,0.07
,Newton Rd & 44 St,,,,,3598,40.7595701,-73.91426779999999,57,0.07
,Lexington Ave & E 111 St,,,,,3502,40.79541210000001,-73.9441232,56,0.07
,Sigourney St & Columbia St,,,,,3352,40.67267243,-74.00879525,56,0.07
,35 St & Broadway,,,,,3595,40.760339,-73.9222427,56,0.07
,3 Ave & E 112 St,,,,,3551,40.795508,-73.94160600000001,55,0.07
,Madison Ave & E 120 St,,,,,3503,40.80295,-73.942954,55,0.07
,2 Ave & E 122 St,,,,,3499,40.8006721,-73.9349,51,0.07
,Crown St & Bedford Ave,,,,,3631,40.666563000000004,-73.95674100000001,51,0.07
,39 St & 2 Ave - Citi Bike HQ at Industry City,,,,,3477,40.65539977,-74.01062787,50,0.07
,31 Ave & Steinway St,,,,,3662,40.7612939,-73.91691685,49,0.06
,31 St & Astoria Blvd,,,,,3516,40.76991760000001,-73.91840570000001,49,0.06
,Vernon Blvd & 30 Rd,,,,,3610,40.770845,-73.93417099999999,48,0.06
,Montgomery St & Franklin Ave,,,,,3661,40.66643931,-73.96055639,48,0.06
,5 Ave & E 126 St,,,,,3527,40.806979999999996,-73.94174699999999,47,0.06
,28 Ave & 35 St,,,,,3617,40.7671,-73.9169858,47,0.06
,Pleasant Ave & E 120 St,,,,,3498,40.7974772,-73.9311847,47,0.06
,Newtown Ave & 23 St,,,,,3619,40.7713615,-73.9246145,46,0.06
,E 118 St & 3 Ave,,,,,3493,40.799139000000004,-73.9389152,45,0.06
,Steinway St & 23 Ave,,,,,3528,40.771393700000004,-73.9077436,45,0.06
,Henry St & W 9 St,,,,,3669,40.67630358,-74.00314048,43,0.06
,21 St & 36 Ave,,,,,3564,40.760185299999996,-73.9362726,42,0.05
,Lenox Ave & W 117 St,,,,,3628,40.8025566,-73.9490782,42,0.05
,Wolcott St & Dwight St,,,,,3340,40.6753274,-74.0100698,42,0.05
,31 St & 35 Ave,,,,,3653,40.75820465,-73.92832159999999,40,0.05
,Lexington Ave & E 120 St,,,,,3506,40.8013066,-73.93981670000001,38,0.05
,E 118 St & Madison Ave,,,,,3501,40.801486600000004,-73.9442507,38,0.05
,30 Ave & 21 St,,,,,3612,40.77037429999999,-73.9286078,37,0.05
,27 Ave & 9 St,,,,,3621,40.7739825,-73.93091340000001,37,0.05
,Sullivan Pl & Bedford Ave,,,,,3596,40.6642406,-73.9574686,35,0.05
,24 Ave & 29 St,,,,,3523,40.7729,-73.91614200000001,34,0.04
,Astoria Park S & Shore Blvd,,,,,3514,40.7767,-73.927631,33,0.04
,NYCBS Depot - GOW,,,,,3432,40.66906014,-73.99463654,32,0.04
,Ditmars Blvd & 19 St,,,,,3532,40.78145,-73.9183302,32,0.04
,E 123 St & Lexington Ave,,,,,3504,40.802926299999996,-73.9379,32,0.04
,21 St & Hoyt Ave S,,,,,3513,40.774645,-73.92370600000001,32,0.04
,Lexington Ave & E 127 St,,,,,3505,40.805726,-73.936322,29,0.04
,Columbia St & Lorraine St,,,,,3333,40.6747055,-74.00755720000001,29,0.04
,Henry St & Bay St,,,,,3330,40.672505799999996,-74.00494695,27,0.04
,21 St & 38 Ave,,,,,3559,40.7576314,-73.9391224,26,0.03
,37 St & 24 Ave,,,,,3522,40.7701477,-73.9120938,26,0.03
,E 128 St & Madison Ave,,,,,3622,40.807559999999995,-73.93918199999999,26,0.03
,19 St & 24 Ave,,,,,3524,40.777455200000006,-73.9225403,24,0.03
,Crescent St & Ditmars Blvd,,,,,3530,40.7787185,-73.9145645,24,0.03
,11 St & 35 Ave,,,,,3567,40.76274420000001,-73.9391141,23,0.03
,31 Ave & 14 St,,,,,3607,40.7682,-73.9322662,23,0.03
,24 Ave & 26 St,,,,,3515,40.774591,-73.918544,22,0.03
,34 Ave & 13 St,,,,,3586,40.763875299999995,-73.9364848,21,0.03
,E 118 St & Park Ave,,,,,3492,40.8005385,-73.9419949,20,0.03
,Columbia St & W 9 St,,,,,3394,40.6769993,-74.00647134,20,0.03
,Clinton St & Centre St,,,,,3326,40.67434,-74.00194698,18,0.02
,40 Ave & 9 St,,,,,3557,40.75742,-73.945133,14,0.02
,31 St & Hoyt Ave N,,,,,3517,40.771152799999996,-73.9170074,13,0.02
,23 Ave & 27 St,,,,,3525,40.776165,-73.9153175,11,0.01
,27 Ave & 4 St,,,,,3512,40.7747175,-73.93378940000001,5,0.01
,11 St & 43 Ave,,,,,3620,40.7519071,-73.94791190000001,4,0.01
,NYCBS Depot - RIS,,,,,3485,40.725208,-73.974724,3,0.0
,Essex Light Rail,,,,,3214,40.712774200000005,-74.03648570000001,3,0.0
,NYCBS Depot BAL - DYR,,,,,3240,40.75903008,-73.9938587,2,0.0
,Morris Canal,,,,,3267,40.71241882,-74.03852552,1,0.0
,Grand St,,,,,3681,40.71517768,-74.03768331,1,0.0
,City Hall,,,,,3185,40.717732500000004,-74.04384499999999,1,0.0
